period_start,post_count,pct_high,drift_score,is_drift_event,drift_direction,x,y,annotation
2008-02-25,58,0.0,,False,,4.1786284,4.5700974,58 posts
2008-03-03,45,0.044444444444444446,0.0671,False,unknown,5.6143255,4.6627774,45 posts
2008-03-10,71,0.0,0.0488,False,unknown,3.7918236,4.6478868,71 posts
2008-03-17,78,0.0,0.0267,False,unknown,4.00161,4.5220666,78 posts
2008-03-24,66,0.0,0.0477,False,unknown,3.5633104,4.601401,Rising: hopelessness (+23.3%)
2008-03-31,72,0.06944444444444445,0.0447,False,unknown,3.8476667,4.968087,Rising: overdose (+6.6%)
2008-04-07,51,0.0392156862745098,0.0334,False,toward_risk,3.784015,5.014772,51 posts
2008-04-14,63,0.015873015873015872,0.0375,False,unknown,4.3146677,4.1156383,Rising: withdrawal (+10.5%)
2008-04-21,48,0.020833333333333332,0.0622,False,unknown,2.7042627,4.1422176,Rising: overdose (+18.2%)
2008-04-28,65,0.0,0.055,False,unknown,3.767102,4.702407,Rising: recovery (+21.0%)
2008-05-05,35,0.02857142857142857,0.0477,False,unknown,4.231727,4.166204,35 posts
2008-05-12,45,0.022222222222222223,0.0324,False,unknown,3.8066356,3.8440156,Rising: harm_reduction (+8.9%)
2008-05-19,62,0.03225806451612903,0.0401,False,unknown,4.879337,4.7414193,62 posts
2008-05-26,59,0.03389830508474576,0.0412,False,unknown,3.5454624,3.9247446,Rising: procurement (+2.3%)
2008-06-02,53,0.0,0.0503,False,unknown,2.8891392,4.0327067,Rising: recovery (+17.4%)
2008-06-09,38,0.05263157894736842,0.066,False,unknown,3.7408867,4.377198,Rising: procurement (+21.1%)
2008-06-16,42,0.0,0.0406,False,unknown,3.527421,3.9875035,42 posts
2008-06-23,60,0.03333333333333333,0.0443,False,unknown,3.2467494,4.6209397,60 posts
2008-06-30,36,0.027777777777777776,0.0404,False,unknown,3.380952,4.547809,Rising: craving (+22.3%)
2008-07-07,44,0.045454545454545456,0.0633,False,unknown,3.8024712,3.8596728,44 posts
2008-07-14,53,0.0,0.0637,False,unknown,3.0959845,3.9350204,Rising: procurement (+20.8%)
2008-07-21,46,0.043478260869565216,0.0509,False,unknown,3.8229487,4.353227,46 posts
2008-07-28,67,0.029850746268656716,0.0383,False,unknown,4.407062,3.9755852,Rising: craving (+21.8%)
2008-08-04,66,0.0,0.0552,False,unknown,3.2012591,3.95254,Rising: harm_reduction (+9.4%)
2008-08-11,30,0.1,0.0627,False,unknown,5.580938,4.5973344,Rising: harm_reduction (+15.8%)
2008-08-18,52,0.038461538461538464,0.0698,True,away_from_risk,4.1974096,4.0943527,Narrative shift — away_from_risk
2008-08-25,41,0.0,0.043,False,unknown,4.0508647,4.442305,41 posts
2008-09-01,41,0.04878048780487805,0.0628,False,unknown,5.9994097,4.588092,Rising: procurement (+15.6%)
2008-09-08,49,0.0,0.0603,False,unknown,5.196276,4.661331,49 posts
2008-09-15,56,0.03571428571428571,0.0526,False,unknown,3.229494,4.533371,Rising: recovery (+10.5%)
2008-09-22,38,0.05263157894736842,0.0457,False,unknown,3.632278,4.6771812,38 posts
2008-09-29,56,0.0,0.0415,False,unknown,2.8153913,4.1424513,Rising: craving (+23.4%)
2008-10-06,43,0.0,0.0498,False,unknown,4.5505977,3.6577883,Rising: hopelessness (+25.1%)
2008-10-13,46,0.0,0.0608,False,unknown,2.8066487,4.1032515,46 posts
2008-10-20,46,0.0,0.0532,False,unknown,3.3233757,4.030648,46 posts
2008-10-27,68,0.0,0.0515,False,unknown,4.549363,4.833975,Rising: relapse (+14.0%)
2008-11-03,55,0.0,0.0567,False,unknown,2.9762228,4.094706,Rising: craving (+17.9%)
2008-11-10,65,0.03076923076923077,0.0328,False,unknown,2.8806987,4.2339826,Rising: withdrawal (+13.6%)
2008-11-17,36,0.05555555555555555,0.0485,False,unknown,4.0173535,4.8147564,36 posts
2008-11-24,57,0.03508771929824561,0.0546,False,unknown,4.6859293,4.223199,57 posts
2008-12-01,35,0.0,0.0553,False,unknown,6.226324,4.6487093,Rising: harm_reduction (+24.5%)
2008-12-08,57,0.07017543859649122,0.0473,False,unknown,8.54407,4.9123254,57 posts
2008-12-15,43,0.046511627906976744,0.0512,False,away_from_risk,3.7720385,3.8486946,Rising: hopelessness (+18.6%)
2008-12-22,28,0.07142857142857142,0.0615,False,unknown,3.4546251,4.4940724,Rising: craving (+17.1%)
2008-12-29,51,0.0,0.0463,False,unknown,3.5689037,3.8265407,51 posts
2009-01-05,49,0.0,0.0362,False,unknown,3.5134687,3.8744967,Rising: overdose (+14.4%)
2009-01-12,44,0.0,0.0422,False,unknown,3.2716346,3.9017732,Rising: harm_reduction (+10.4%)
2009-01-19,61,0.03278688524590164,0.0523,False,unknown,3.881019,4.167034,61 posts
2009-01-26,57,0.0,0.0472,False,unknown,2.7803562,4.180673,57 posts
2009-02-02,95,0.05263157894736842,0.0427,False,unknown,3.7502234,3.8444173,Rising: withdrawal (+8.8%)
2009-02-09,55,0.01818181818181818,0.0444,False,away_from_risk,2.7391098,4.1197743,Rising: procurement (+14.7%)
2009-02-16,90,0.0,0.057,False,unknown,4.4212728,4.3088403,Rising: withdrawal (+13.1%)
2009-02-23,84,0.047619047619047616,0.0351,False,unknown,5.061416,4.52649,Rising: withdrawal (+14.5%)
2009-03-02,67,0.04477611940298507,0.0325,False,away_from_risk,4.0397577,4.100305,Rising: relapse (+4.1%)
2009-03-09,97,0.030927835051546393,0.032,False,away_from_risk,6.2053113,3.9790568,97 posts
2009-03-16,91,0.02197802197802198,0.0334,False,away_from_risk,4.6278553,3.7017295,Rising: relapse (+11.6%)
2009-03-23,84,0.011904761904761904,0.0285,False,unknown,3.6843581,4.4495125,84 posts
2009-03-30,64,0.09375,0.0257,False,unknown,3.8004673,4.1313233,64 posts
2009-04-06,96,0.0625,0.0275,False,toward_risk,4.8622155,3.6926184,Rising: craving (+5.9%)
2009-04-13,108,0.027777777777777776,0.0309,False,away_from_risk,3.4575622,4.4703307,108 posts
2009-04-20,77,0.025974025974025976,0.031,False,toward_risk,5.032196,4.1261086,Rising: relapse (+11.0%)
2009-04-27,114,0.017543859649122806,0.0291,False,unknown,3.6340656,4.636078,114 posts
2009-05-04,95,0.021052631578947368,0.0295,False,unknown,5.1151023,3.8867548,95 posts
2009-05-11,72,0.05555555555555555,0.0409,False,unknown,3.8248978,4.8561883,72 posts
2009-05-18,79,0.02531645569620253,0.0292,False,away_from_risk,3.2578688,4.485908,79 posts
2009-05-25,55,0.0,0.0487,False,unknown,4.556823,4.239457,Rising: relapse (+7.2%)
2009-06-01,93,0.06451612903225806,0.0498,False,unknown,4.670295,4.0160656,Rising: hopelessness (+29.9%)
2009-06-08,109,0.05504587155963303,0.0351,False,away_from_risk,4.2572317,4.8414035,Rising: procurement (+9.5%)
2009-06-15,90,0.13333333333333333,0.0268,False,away_from_risk,6.054572,4.4890866,90 posts
2009-06-22,61,0.01639344262295082,0.0325,False,away_from_risk,5.1738043,4.263236,Rising: relapse (+6.8%)
2009-06-29,36,0.08333333333333333,0.046,False,unknown,7.1025953,3.7577608,Rising: withdrawal (+4.6%)
2009-07-06,113,0.02654867256637168,0.0354,False,away_from_risk,6.3937793,4.443878,113 posts
2009-07-13,99,0.06060606060606061,0.031,False,toward_risk,7.4150968,3.4494133,Rising: hopelessness (+19.0%)
2009-07-20,131,0.022900763358778626,0.029,False,away_from_risk,3.9317567,4.4103484,131 posts
2009-07-27,116,0.0603448275862069,0.0169,False,toward_risk,4.263186,4.8640466,116 posts
2009-08-03,97,0.041237113402061855,0.0206,False,away_from_risk,4.977436,3.9947681,Rising: craving (+3.2%)
2009-08-10,99,0.050505050505050504,0.0219,False,away_from_risk,5.9761467,4.0486603,99 posts
2009-08-17,85,0.0,0.0314,False,away_from_risk,4.561504,4.7264833,Rising: harm_reduction (+4.5%)
2009-08-24,129,0.03875968992248062,0.0243,False,unknown,5.024533,4.5013666,Rising: harm_reduction (+6.8%)
2009-08-31,96,0.03125,0.0259,False,away_from_risk,4.767431,3.9321353,Rising: withdrawal (+10.7%)
2009-09-07,92,0.021739130434782608,0.0376,False,toward_risk,8.623112,4.6198835,Rising: overdose (+11.7%)
2009-09-14,110,0.01818181818181818,0.0276,False,unknown,5.0975647,4.465307,110 posts
2009-09-21,105,0.0,0.0298,False,unknown,5.491877,4.681308,105 posts
2009-09-28,113,0.04424778761061947,0.0276,False,unknown,6.9784474,4.857916,113 posts
2009-10-05,123,0.016260162601626018,0.0218,False,away_from_risk,6.912389,3.7446127,Rising: withdrawal (+7.7%)
2009-10-12,80,0.0875,0.028,False,unknown,4.620088,4.1339498,Rising: withdrawal (+6.0%)
2009-10-19,114,0.07894736842105263,0.0191,False,away_from_risk,4.6784067,4.2799706,114 posts
2009-10-26,124,0.016129032258064516,0.025,False,away_from_risk,5.4103456,4.0154505,124 posts
2009-11-02,125,0.024,0.0347,False,unknown,4.9956546,4.3952894,Rising: harm_reduction (+9.8%)
2009-11-09,115,0.017391304347826087,0.0265,False,toward_risk,7.598735,3.0146372,115 posts
2009-11-16,108,0.046296296296296294,0.0184,False,unknown,6.7630067,2.6703072,Rising: hopelessness (+19.4%)
2009-11-23,84,0.08333333333333333,0.0324,False,toward_risk,4.912075,4.1910477,Rising: harm_reduction (+7.8%)
2009-11-30,134,0.03731343283582089,0.0349,False,away_from_risk,5.0753355,3.9143178,Rising: recovery (+15.3%)
2009-12-07,115,0.017391304347826087,0.0265,False,toward_risk,7.7692876,4.2895937,115 posts
2009-12-14,75,0.09333333333333334,0.0243,False,unknown,7.5542774,4.331297,Rising: overdose (+9.6%)
2009-12-21,31,0.06451612903225806,0.0612,False,away_from_risk,4.5520816,4.3006673,Rising: procurement (+10.3%)
2009-12-28,48,0.041666666666666664,0.084,True,unknown,7.1478434,3.139774,Narrative shift — unknown
2010-01-04,60,0.06666666666666667,0.0588,False,unknown,13.373408,2.5279515,Rising: withdrawal (+11.3%)
2010-01-11,71,0.08450704225352113,0.0454,False,away_from_risk,11.620837,2.2113051,71 posts
2010-01-18,97,0.05154639175257732,0.0272,False,away_from_risk,8.066216,3.112882,Rising: overdose (+10.7%)
2010-01-25,69,0.028985507246376812,0.0322,False,toward_risk,6.199196,3.5099037,Rising: procurement (+4.1%)
2010-02-01,70,0.05714285714285714,0.041,False,unknown,9.822175,3.8938797,Rising: overdose (+9.2%)
2010-02-08,85,0.0,0.0302,False,toward_risk,9.895132,2.7338057,Rising: relapse (+6.4%)
2010-02-15,38,0.02631578947368421,0.0557,False,unknown,11.97679,4.1162167,38 posts
2010-02-22,23,0.0,0.0653,False,unknown,12.935936,3.354958,Rising: procurement (+5.6%)
2010-03-01,63,0.031746031746031744,0.0548,False,unknown,12.7044935,2.583824,Rising: craving (+10.9%)
2010-03-08,46,0.043478260869565216,0.0533,False,unknown,11.623526,3.7935538,46 posts
2010-03-15,58,0.034482758620689655,0.0617,False,unknown,9.302468,2.671037,58 posts
2010-03-22,68,0.058823529411764705,0.0545,False,unknown,7.672616,4.4050417,Rising: harm_reduction (+25.0%)
2010-03-29,48,0.08333333333333333,0.0477,False,away_from_risk,9.224919,4.0240345,48 posts
2010-04-05,62,0.016129032258064516,0.0453,False,away_from_risk,7.1939545,4.964052,Rising: withdrawal (+5.1%)
2010-04-12,42,0.0,0.0648,False,unknown,6.6397367,3.0472286,42 posts
2010-04-19,71,0.056338028169014086,0.0517,False,unknown,7.7693615,3.1031945,Rising: craving (+7.6%)
2010-04-26,47,0.0425531914893617,0.0719,True,toward_risk,10.41323,4.4653788,Narrative shift — toward_risk
2010-05-03,55,0.0,0.0597,False,unknown,11.31914,4.295447,55 posts
2010-05-10,36,0.05555555555555555,0.0611,False,unknown,8.010418,3.9272394,Rising: recovery (+11.9%)
2010-05-17,52,0.038461538461538464,0.0477,False,unknown,11.526588,3.856985,Rising: overdose (+18.3%)
2010-05-24,64,0.046875,0.0356,False,unknown,10.691003,4.449398,Rising: relapse (+8.1%)
2010-05-31,45,0.08888888888888889,0.0535,False,away_from_risk,8.23541,4.303664,45 posts
2010-06-07,49,0.02040816326530612,0.0671,False,away_from_risk,5.0734754,3.472088,Rising: hopelessness (+46.2%)
2010-06-14,60,0.016666666666666666,0.0476,False,unknown,8.610369,4.32361,Rising: harm_reduction (+5.3%)
2010-06-21,55,0.01818181818181818,0.0323,False,unknown,6.5786867,4.167532,Rising: overdose (+7.7%)
2010-06-28,34,0.029411764705882353,0.0527,False,unknown,4.5715423,4.0595894,Rising: overdose (+8.3%)
2010-07-05,42,0.0,0.052,False,unknown,5.6111603,3.9756715,Rising: withdrawal (+5.5%)
2010-07-12,52,0.038461538461538464,0.0461,False,unknown,6.712372,3.9536233,Rising: craving (+21.0%)
2010-07-19,58,0.10344827586206896,0.0472,False,unknown,8.054315,4.3873243,58 posts
2010-07-26,58,0.0,0.0335,False,away_from_risk,7.983151,3.8471453,58 posts
2010-08-02,57,0.07017543859649122,0.0333,False,unknown,8.867139,3.8756506,Rising: hopelessness (+35.5%)
2010-08-09,73,0.0547945205479452,0.0522,False,toward_risk,5.576712,4.5400877,Rising: harm_reduction (+12.0%)
2010-08-16,48,0.0625,0.0915,True,away_from_risk,11.087737,1.626812,Narrative shift — away_from_risk
2010-08-23,52,0.038461538461538464,0.0752,True,away_from_risk,5.9332995,4.8383937,Narrative shift — away_from_risk
2010-08-30,46,0.08695652173913043,0.0514,False,unknown,8.743454,4.2941556,Rising: craving (+16.8%)
2010-09-06,53,0.03773584905660377,0.0561,False,away_from_risk,8.02526,3.115505,53 posts
2010-09-13,59,0.0,0.0443,False,unknown,8.540738,4.450176,Rising: relapse (+13.6%)
2010-09-20,57,0.0,0.058,False,unknown,7.5066743,1.9936575,Rising: overdose (+12.1%)
2010-09-27,50,0.04,0.0615,False,unknown,12.5157175,4.1366196,50 posts
2010-10-04,43,0.0,0.0617,False,unknown,6.7022,3.9418678,Rising: procurement (+15.0%)
2010-10-11,46,0.043478260869565216,0.0454,False,unknown,6.3227015,3.4010587,Rising: withdrawal (+7.9%)
2010-10-18,47,0.02127659574468085,0.0523,False,unknown,7.569915,4.6706815,47 posts
2010-10-25,53,0.11320754716981132,0.0526,False,unknown,7.483324,2.965762,53 posts
2010-11-01,54,0.037037037037037035,0.0379,False,away_from_risk,6.894783,3.912235,Rising: hopelessness (+15.8%)
2010-11-08,44,0.0,0.0513,False,unknown,12.546306,3.4197445,Rising: relapse (+10.1%)
2010-11-15,62,0.016129032258064516,0.0436,False,unknown,8.63596,3.1624959,62 posts
2010-11-22,39,0.10256410256410256,0.0496,False,unknown,8.485821,4.545054,39 posts
2010-11-29,44,0.0,0.054,False,away_from_risk,7.9174423,2.5867987,Rising: overdose (+9.5%)
2010-12-06,51,0.0392156862745098,0.0525,False,unknown,5.9010324,3.9459963,Rising: hopelessness (+31.5%)
2010-12-13,72,0.06944444444444445,0.0749,True,unknown,12.981352,3.478979,Narrative shift — unknown
2010-12-20,59,0.03389830508474576,0.0614,False,away_from_risk,5.0610275,3.9350235,59 posts
2010-12-27,35,0.0,0.0531,False,unknown,4.0525227,4.0364614,Rising: harm_reduction (+3.0%)
2011-01-03,69,0.043478260869565216,0.0617,False,unknown,7.459558,2.8044147,Rising: hopelessness (+21.6%)
2011-01-10,81,0.037037037037037035,0.0317,False,away_from_risk,6.768335,3.534778,Rising: craving (+25.5%)
2011-01-17,55,0.01818181818181818,0.0351,False,away_from_risk,7.593007,3.4389672,55 posts
2011-01-24,93,0.08602150537634409,0.0442,False,unknown,6.212761,4.874817,93 posts
2011-01-31,61,0.04918032786885246,0.0419,False,away_from_risk,6.5032215,3.0017953,Rising: procurement (+10.1%)
2011-02-07,54,0.0,0.0431,False,away_from_risk,7.900351,4.332133,Rising: harm_reduction (+8.6%)
2011-02-14,66,0.030303030303030304,0.0585,False,unknown,6.1394367,4.9227133,66 posts
2011-02-21,76,0.013157894736842105,0.0364,False,unknown,9.576535,4.439987,Rising: craving (+26.8%)
2011-02-28,70,0.014285714285714285,0.0407,False,unknown,8.538142,4.622148,70 posts
2011-03-07,86,0.023255813953488372,0.0443,False,unknown,6.051113,4.384763,Rising: recovery (+34.0%)
2011-03-14,50,0.0,0.0467,False,unknown,8.267306,4.2565584,50 posts
2011-03-21,58,0.1724137931034483,0.0411,False,unknown,8.762381,4.8590994,Rising: relapse (+7.2%)
2011-03-28,51,0.0,0.0452,False,away_from_risk,9.804308,4.267026,Rising: overdose (+11.4%)
2011-04-04,70,0.0,0.0573,False,unknown,7.1940804,2.588673,70 posts
2011-04-11,84,0.023809523809523808,0.0321,False,unknown,9.340626,3.595975,Rising: craving (+15.6%)
2011-04-18,59,0.0,0.0298,False,unknown,9.236527,3.472297,Rising: procurement (+7.0%)
2011-04-25,62,0.0,0.0339,False,unknown,8.889049,2.9967947,Rising: procurement (+7.7%)
2011-05-02,51,0.0196078431372549,0.0445,False,unknown,7.032406,4.213498,Rising: overdose (+5.8%)
2011-05-09,73,0.0,0.047,False,unknown,8.015699,3.0677857,73 posts
2011-05-16,66,0.0,0.0358,False,unknown,9.356584,2.514645,Rising: relapse (+9.0%)
2011-05-23,60,0.03333333333333333,0.0356,False,unknown,8.88865,1.8372933,Rising: overdose (+8.4%)
2011-05-30,70,0.05714285714285714,0.0452,False,unknown,8.69693,4.559609,Rising: harm_reduction (+14.3%)
2011-06-06,61,0.01639344262295082,0.0408,False,away_from_risk,6.2713275,3.8801494,61 posts
2011-06-13,78,0.01282051282051282,0.043,False,unknown,9.268479,4.034788,Rising: procurement (+5.4%)
2011-06-20,67,0.0,0.0463,False,unknown,6.4002028,4.3001204,67 posts
2011-06-27,50,0.0,0.0439,False,unknown,11.815887,4.07159,Rising: withdrawal (+10.5%)
2011-07-04,63,0.015873015873015872,0.0386,False,unknown,10.874861,4.5307484,Rising: procurement (+5.0%)
2011-07-11,62,0.0,0.0783,True,unknown,9.87028,2.163058,Narrative shift — unknown
2011-07-18,53,0.0,0.0433,False,unknown,9.664988,2.471123,53 posts
2011-07-25,73,0.0136986301369863,0.0352,False,unknown,9.615282,3.5535166,73 posts
2011-08-01,74,0.0,0.0399,False,unknown,12.326188,1.9895992,Rising: relapse (+11.3%)
2011-08-08,74,0.013513513513513514,0.0334,False,unknown,8.180059,3.8310075,Rising: recovery (+8.8%)
2011-08-15,65,0.015384615384615385,0.0311,False,unknown,9.229249,4.664707,Rising: procurement (+5.5%)
2011-08-22,70,0.04285714285714286,0.0376,False,unknown,11.673693,2.6365583,70 posts
2011-08-29,85,0.011764705882352941,0.0368,False,away_from_risk,9.023823,3.5180311,85 posts
2011-09-05,79,0.0759493670886076,0.0284,False,unknown,9.454108,3.365675,79 posts
2011-09-12,98,0.05102040816326531,0.027,False,away_from_risk,8.555714,3.1031182,98 posts
2011-09-19,78,0.01282051282051282,0.0291,False,toward_risk,6.0413594,4.886609,78 posts
2011-09-26,89,0.0,0.0272,False,unknown,6.9470515,4.1834784,Rising: withdrawal (+3.3%)
2011-10-03,74,0.04054054054054054,0.0283,False,unknown,8.0717,4.0706863,Rising: recovery (+18.7%)
2011-10-10,85,0.047058823529411764,0.0301,False,away_from_risk,6.670174,4.4947395,85 posts
2011-10-17,99,0.030303030303030304,0.0378,False,toward_risk,11.91856,2.36547,Rising: withdrawal (+12.9%)
2011-10-24,129,0.06201550387596899,0.0245,False,toward_risk,9.397935,3.2972403,129 posts
2011-10-31,93,0.03225806451612903,0.0309,False,away_from_risk,6.7574286,3.561456,Rising: hopelessness (+29.3%)
2011-11-07,95,0.021052631578947368,0.0274,False,toward_risk,9.351687,3.2255063,95 posts
2011-11-14,95,0.042105263157894736,0.0201,False,unknown,8.511125,4.3497024,95 posts
2011-11-21,87,0.034482758620689655,0.0247,False,away_from_risk,7.9717064,4.157952,Rising: recovery (+8.5%)
2011-11-28,84,0.0,0.0325,False,away_from_risk,6.869606,2.9648607,84 posts
2011-12-05,89,0.02247191011235955,0.0384,False,unknown,8.795546,4.5192275,Rising: harm_reduction (+8.1%)
2011-12-12,88,0.09090909090909091,0.0376,False,unknown,11.484052,2.2014618,Rising: craving (+12.7%)
2011-12-19,58,0.0,0.041,False,away_from_risk,7.5644245,1.5906963,Rising: hopelessness (+12.8%)
2011-12-26,78,0.02564102564102564,0.0453,False,unknown,11.7362,4.1190305,78 posts
2012-01-02,81,0.04938271604938271,0.0323,False,unknown,8.86538,3.468168,81 posts
2012-01-09,90,0.022222222222222223,0.0232,False,away_from_risk,8.383591,4.6401396,Rising: relapse (+10.9%)
2012-01-16,98,0.02040816326530612,0.026,False,unknown,7.263469,2.37317,98 posts
2012-01-23,79,0.06329113924050633,0.0264,False,unknown,6.8033495,3.8817391,Rising: hopelessness (+21.0%)
2012-01-30,61,0.04918032786885246,0.0369,False,away_from_risk,8.326229,3.7694273,Rising: harm_reduction (+4.4%)
2012-02-06,42,0.047619047619047616,0.062,False,away_from_risk,13.024311,1.8525296,Rising: harm_reduction (+14.0%)
2012-02-13,61,0.04918032786885246,0.0595,False,unknown,8.151501,3.0660005,61 posts
2012-02-20,73,0.0958904109589041,0.0504,False,away_from_risk,8.366235,2.3946133,Rising: craving (+9.2%)
2012-02-27,71,0.056338028169014086,0.032,False,away_from_risk,8.842195,3.0692818,71 posts
2012-03-05,67,0.029850746268656716,0.0458,False,away_from_risk,6.7664943,3.3749175,67 posts
2012-03-12,81,0.024691358024691357,0.0339,False,unknown,9.109293,3.6610987,Rising: withdrawal (+8.1%)
2012-03-19,64,0.03125,0.0428,False,unknown,8.256672,1.431673,64 posts
2012-03-26,70,0.05714285714285714,0.0488,False,unknown,4.752303,4.4084697,Rising: procurement (+9.8%)
2012-04-02,81,0.024691358024691357,0.0383,False,away_from_risk,7.376627,3.1599658,Rising: hopelessness (+25.7%)
2012-04-09,80,0.0,0.0356,False,unknown,9.269638,1.7048985,80 posts
2012-04-16,84,0.05952380952380952,0.0354,False,unknown,9.748042,3.292259,Rising: overdose (+10.5%)
2012-04-23,80,0.025,0.0384,False,toward_risk,7.4975524,4.193584,80 posts
2012-04-30,71,0.028169014084507043,0.0337,False,unknown,8.704885,1.7626873,Rising: harm_reduction (+6.5%)
2012-05-07,46,0.0,0.037,False,unknown,10.925056,3.5492756,46 posts
2012-05-14,57,0.03508771929824561,0.0449,False,unknown,9.023438,1.9797145,Rising: procurement (+7.7%)
2012-05-21,48,0.041666666666666664,0.0403,False,unknown,6.953726,3.5352128,48 posts
2012-05-28,62,0.03225806451612903,0.048,False,unknown,4.472312,4.9246926,Rising: hopelessness (+19.4%)
2012-06-04,47,0.0425531914893617,0.0428,False,unknown,7.108727,4.5398006,47 posts
2012-06-11,42,0.047619047619047616,0.0645,False,unknown,8.000496,3.5412674,42 posts
2012-06-18,51,0.058823529411764705,0.0537,False,unknown,9.588747,2.46909,Rising: recovery (+16.5%)
2012-06-25,38,0.05263157894736842,0.0739,True,away_from_risk,5.078352,4.8263392,Narrative shift — away_from_risk
2012-07-02,37,0.0,0.092,True,unknown,8.077374,1.59828,Narrative shift — unknown
2012-07-09,61,0.13114754098360656,0.0591,False,unknown,6.7883506,4.5884194,61 posts
2012-07-16,46,0.0,0.0392,False,away_from_risk,7.007061,3.184673,46 posts
2012-07-23,65,0.1076923076923077,0.0494,False,unknown,3.9102218,4.1682754,Rising: hopelessness (+41.3%)
2012-07-30,45,0.044444444444444446,0.0648,False,toward_risk,10.170952,1.5817026,Rising: overdose (+22.3%)
2012-08-06,60,0.03333333333333333,0.0555,False,unknown,6.771445,2.7955654,Rising: recovery (+21.6%)
2012-08-13,87,0.11494252873563218,0.0378,False,unknown,7.5705247,1.5352744,87 posts
2012-08-20,60,0.03333333333333333,0.0476,False,away_from_risk,9.189091,3.841325,60 posts
2012-08-27,59,0.03389830508474576,0.0577,False,unknown,5.1454186,4.4282646,59 posts
2012-09-03,55,0.01818181818181818,0.0708,True,unknown,12.340499,2.6833422,Narrative shift — unknown
2012-09-10,59,0.1016949152542373,0.0526,False,unknown,7.701689,1.9494417,Rising: harm_reduction (+9.5%)
2012-09-17,65,0.07692307692307693,0.0418,False,away_from_risk,4.493121,4.8909917,65 posts
2012-09-24,53,0.05660377358490566,0.053,False,away_from_risk,8.8752,3.4121234,53 posts
2012-10-01,46,0.043478260869565216,0.0727,True,away_from_risk,6.5332127,2.6976144,Narrative shift — away_from_risk
2012-10-08,55,0.03636363636363636,0.0644,False,unknown,4.1835613,4.9304442,Rising: procurement (+9.2%)
2012-10-15,45,0.0,0.0586,False,unknown,8.433362,4.4516478,Rising: relapse (+12.7%)
2012-10-22,32,0.0,0.0684,False,unknown,5.255877,4.09356,Rising: relapse (+17.3%)
2012-10-29,41,0.0,0.078,True,unknown,8.210276,3.1587114,Narrative shift — unknown
2012-11-05,34,0.058823529411764705,0.0692,True,unknown,4.39611,4.7794814,Narrative shift — unknown
2012-11-12,48,0.0625,0.0691,True,unknown,8.473063,2.0945675,Narrative shift — unknown
2012-11-19,46,0.0,0.0615,False,away_from_risk,10.0734005,1.7619859,Rising: withdrawal (+9.2%)
2012-11-26,40,0.0,0.0509,False,unknown,11.245614,1.5766642,40 posts
2012-12-03,90,0.0,0.0483,False,unknown,8.344866,1.6338121,Rising: relapse (+6.6%)
2012-12-10,64,0.0,0.0394,False,unknown,8.334178,2.8177457,Rising: relapse (+7.8%)
2012-12-17,54,0.0,0.0467,False,unknown,8.934407,1.6731739,Rising: hopelessness (+19.8%)
2012-12-24,44,0.0,0.0468,False,unknown,9.399083,3.624401,Rising: harm_reduction (+6.5%)
2012-12-31,73,0.0,0.0477,False,unknown,12.443196,2.113041,Rising: harm_reduction (+6.6%)
2013-01-07,65,0.046153846153846156,0.0388,False,unknown,9.925554,3.4806876,Rising: harm_reduction (+8.3%)
2013-01-14,94,0.0,0.0368,False,away_from_risk,8.553988,1.9617803,Rising: craving (+9.1%)
2013-01-21,73,0.0136986301369863,0.0624,False,unknown,7.1341453,4.8407865,73 posts
2013-01-28,88,0.022727272727272728,0.0435,False,unknown,9.570848,2.91307,Rising: recovery (+16.4%)
2013-02-04,78,0.0,0.0333,False,unknown,6.9008837,2.4536145,78 posts
2013-02-11,74,0.0,0.0364,False,unknown,7.8615766,2.358118,Rising: withdrawal (+9.8%)
2013-02-18,72,0.041666666666666664,0.0361,False,unknown,6.344659,4.521157,72 posts
2013-02-25,69,0.0,0.0389,False,toward_risk,7.982604,3.0416515,69 posts
2013-03-04,66,0.06060606060606061,0.0413,False,unknown,9.715673,4.1821604,66 posts
2013-03-11,49,0.0,0.0544,False,away_from_risk,6.999794,2.6940303,49 posts
2013-03-18,98,0.030612244897959183,0.0363,False,unknown,7.5297885,1.8415242,Rising: hopelessness (+37.1%)
2013-03-25,77,0.1038961038961039,0.0408,False,toward_risk,9.077799,4.5248613,Rising: harm_reduction (+15.5%)
2013-04-01,84,0.03571428571428571,0.0273,False,away_from_risk,8.957449,2.1751072,Rising: withdrawal (+8.8%)
2013-04-08,69,0.0,0.0404,False,away_from_risk,7.4195104,2.7373412,69 posts
2013-04-15,59,0.06779661016949153,0.0423,False,unknown,11.167338,3.5357451,Rising: procurement (+4.7%)
2013-04-22,67,0.029850746268656716,0.0375,False,away_from_risk,8.978673,2.3101633,Rising: harm_reduction (+10.7%)
2013-04-29,59,0.0,0.043,False,unknown,9.553078,3.608263,59 posts
2013-05-06,61,0.0,0.0553,False,unknown,7.432402,1.6198564,Rising: hopelessness (+11.6%)
2013-05-13,87,0.011494252873563218,0.0341,False,unknown,8.671412,4.0061946,87 posts
2013-05-20,60,0.016666666666666666,0.0323,False,unknown,10.232158,2.1344361,Rising: relapse (+9.7%)
2013-05-27,53,0.0,0.0548,False,unknown,6.483498,3.8863645,Rising: harm_reduction (+4.7%)
2013-06-03,56,0.0,0.0587,False,unknown,9.576146,2.447664,Rising: recovery (+9.3%)
2013-06-10,60,0.016666666666666666,0.0573,False,unknown,7.230858,3.9083827,Rising: withdrawal (+2.9%)
2013-06-17,65,0.06153846153846154,0.0421,False,unknown,9.174704,3.075843,Rising: recovery (+6.7%)
2013-06-24,62,0.0,0.034,False,away_from_risk,12.289696,2.3472152,Rising: withdrawal (+13.2%)
2013-07-01,62,0.06451612903225806,0.0436,False,unknown,7.900725,2.8956583,62 posts
2013-07-08,102,0.0196078431372549,0.0338,False,away_from_risk,9.455769,2.3072052,102 posts
2013-07-15,78,0.05128205128205128,0.0335,False,unknown,7.5874577,4.1509914,Rising: procurement (+6.2%)
2013-07-22,109,0.027522935779816515,0.026,False,away_from_risk,8.204081,1.6831553,Rising: hopelessness (+19.4%)
2013-07-29,98,0.030612244897959183,0.0255,False,away_from_risk,9.912822,2.2975934,98 posts
2013-08-05,72,0.05555555555555555,0.0358,False,away_from_risk,7.2653637,4.3656306,Rising: recovery (+6.5%)
2013-08-12,58,0.034482758620689655,0.0416,False,away_from_risk,8.465065,2.0373623,58 posts
2013-08-19,79,0.012658227848101266,0.0344,False,unknown,8.19537,2.4854453,Rising: recovery (+17.1%)
2013-08-26,99,0.020202020202020204,0.0221,False,unknown,7.171908,3.7210796,99 posts
2013-09-02,69,0.0,0.0325,False,unknown,9.675908,2.4427252,Rising: withdrawal (+6.0%)
2013-09-09,66,0.030303030303030304,0.03,False,unknown,7.8939986,2.7111251,Rising: relapse (+11.7%)
2013-09-16,56,0.0,0.038,False,unknown,7.0209007,3.6229386,Rising: hopelessness (+10.2%)
2013-09-23,64,0.0,0.0522,False,unknown,8.054855,1.2778943,64 posts
2013-09-30,55,0.05454545454545454,0.0317,False,unknown,10.744905,2.4104786,Rising: overdose (+5.6%)
2013-10-07,67,0.04477611940298507,0.0344,False,away_from_risk,10.969811,1.5001392,Rising: recovery (+11.8%)
2013-10-14,62,0.016129032258064516,0.0461,False,toward_risk,13.795298,3.4646091,Rising: craving (+6.5%)
2013-10-21,105,0.0380952380952381,0.0306,False,unknown,11.182237,4.0795665,Rising: procurement (+8.3%)
2013-10-28,84,0.03571428571428571,0.0332,False,away_from_risk,12.652988,2.6187418,Rising: hopelessness (+32.9%)
2013-11-04,103,0.06796116504854369,0.0266,False,away_from_risk,10.543215,1.7140096,Rising: craving (+9.9%)
2013-11-11,69,0.043478260869565216,0.0279,False,away_from_risk,9.89361,2.8986137,Rising: procurement (+9.0%)
2013-11-18,66,0.030303030303030304,0.0404,False,away_from_risk,7.886037,1.9149764,Rising: withdrawal (+4.3%)
2013-11-25,47,0.0,0.0538,False,unknown,8.88943,2.9319947,47 posts
2013-12-02,45,0.0,0.0483,False,unknown,7.4983463,2.3386848,Rising: overdose (+9.4%)
2013-12-09,61,0.0,0.0421,False,unknown,7.4786024,2.0996835,61 posts
2013-12-16,51,0.0392156862745098,0.053,False,unknown,9.048793,4.5530667,51 posts
2013-12-23,37,0.0,0.0529,False,unknown,8.2185,2.5334172,37 posts
2013-12-30,62,0.08064516129032258,0.0486,False,unknown,8.255288,1.7370615,Rising: harm_reduction (+4.9%)
2014-01-06,61,0.08196721311475409,0.0578,False,away_from_risk,4.7515287,4.2766647,Rising: hopelessness (+80.2%)
2014-01-13,46,0.043478260869565216,0.0552,False,away_from_risk,7.280008,4.491303,Rising: overdose (+14.5%)
2014-01-20,63,0.07936507936507936,0.0603,False,unknown,11.087252,2.015927,Rising: recovery (+12.9%)
2014-01-27,80,0.0625,0.0313,False,away_from_risk,8.07755,1.6361263,Rising: relapse (+11.2%)
2014-02-03,87,0.022988505747126436,0.0356,False,toward_risk,9.706784,1.746418,87 posts
2014-02-10,100,0.08,0.0222,False,unknown,9.916528,1.9830531,Rising: harm_reduction (+4.0%)
2014-02-17,73,0.0958904109589041,0.0242,False,toward_risk,13.7251425,3.4878953,73 posts
2014-02-24,84,0.07142857142857142,0.0289,False,away_from_risk,8.21292,2.3176172,Rising: harm_reduction (+12.7%)
2014-03-03,50,0.04,0.0355,False,away_from_risk,7.4581723,4.0361166,Rising: recovery (+18.2%)
2014-03-10,75,0.05333333333333334,0.0357,False,unknown,8.5272,3.1812558,75 posts
2014-03-17,71,0.08450704225352113,0.0318,False,away_from_risk,11.070624,2.513217,Rising: craving (+15.5%)
2014-03-24,67,0.0,0.0296,False,away_from_risk,7.5101137,3.5107267,67 posts
2014-03-31,59,0.13559322033898305,0.0381,False,unknown,7.8240933,1.6929454,Rising: overdose (+6.8%)
2014-04-07,50,0.06,0.0328,False,away_from_risk,8.636941,3.0109499,50 posts
2014-04-14,67,0.05970149253731343,0.0388,False,away_from_risk,8.087493,2.4407551,Rising: relapse (+9.0%)
2014-04-21,42,0.047619047619047616,0.0557,False,away_from_risk,6.0442066,3.372093,42 posts
2014-04-28,67,0.05970149253731343,0.0593,False,unknown,10.362289,3.5423763,67 posts
2014-05-05,45,0.06666666666666667,0.041,False,away_from_risk,12.991114,2.6261394,Rising: harm_reduction (+13.4%)
2014-05-12,78,0.02564102564102564,0.0636,False,away_from_risk,7.2585106,4.5226746,78 posts
2014-05-19,82,0.0,0.0377,False,unknown,7.3967743,3.3575742,82 posts
2014-05-26,74,0.06756756756756757,0.0329,False,unknown,10.720431,3.62547,74 posts
2014-06-02,58,0.06896551724137931,0.0467,False,away_from_risk,10.183403,2.9699564,58 posts
2014-06-09,56,0.0,0.0465,False,away_from_risk,7.575868,2.627576,Rising: hopelessness (+30.0%)
2014-06-16,61,0.04918032786885246,0.0568,False,unknown,9.623893,3.6401963,Rising: overdose (+7.5%)
2014-06-23,36,0.05555555555555555,0.0401,False,away_from_risk,9.443653,4.1440363,Rising: harm_reduction (+24.0%)
2014-06-30,31,0.0,0.074,True,unknown,7.7069287,4.4789505,Narrative shift — unknown
2014-07-07,67,0.0,0.0607,False,unknown,7.5237184,2.8784232,67 posts
2014-07-14,51,0.058823529411764705,0.0657,False,unknown,12.567033,3.8228528,51 posts
2014-07-21,52,0.0,0.0635,False,away_from_risk,8.729761,3.8354554,52 posts
2014-07-28,70,0.0,0.0313,False,unknown,9.458919,4.3865533,Rising: overdose (+8.6%)
2014-08-04,61,0.04918032786885246,0.0278,False,unknown,8.229593,2.979567,Rising: overdose (+12.7%)
2014-08-11,50,0.02,0.0412,False,away_from_risk,8.938744,4.254063,50 posts
2014-08-18,37,0.13513513513513514,0.0577,False,unknown,9.830403,4.3233447,Rising: recovery (+35.0%)
2014-08-25,42,0.07142857142857142,0.0864,True,away_from_risk,7.803474,1.9544966,Narrative shift — away_from_risk
2014-09-01,38,0.0,0.0633,False,away_from_risk,7.4878683,1.5542865,Rising: harm_reduction (+4.9%)
2014-09-08,34,0.058823529411764705,0.0642,False,unknown,9.861914,2.3248262,Rising: relapse (+14.9%)
2014-09-15,73,0.0,0.0469,False,unknown,7.094531,2.7254598,73 posts
2014-09-22,52,0.0,0.0384,False,unknown,10.871923,1.9733194,Rising: overdose (+14.3%)
2014-09-29,57,0.03508771929824561,0.033,False,unknown,9.788857,1.7686902,Rising: procurement (+16.9%)
2014-10-06,54,0.037037037037037035,0.0412,False,unknown,7.0049524,2.985418,54 posts
2014-10-13,59,0.01694915254237288,0.0415,False,unknown,8.724205,3.7745917,Rising: harm_reduction (+7.2%)
2014-10-20,78,0.01282051282051282,0.0328,False,unknown,8.855211,1.7018874,Rising: recovery (+16.1%)
2014-10-27,66,0.015151515151515152,0.0413,False,unknown,8.558801,2.3983293,66 posts
2014-11-03,71,0.07042253521126761,0.049,False,unknown,10.586941,2.7311707,Rising: withdrawal (+6.8%)
2014-11-10,86,0.0,0.0297,False,away_from_risk,8.533069,2.1127908,86 posts
2014-11-17,78,0.0,0.0215,False,unknown,8.636595,1.9822332,Rising: relapse (+14.3%)
2014-11-24,67,0.0,0.0432,False,unknown,7.120486,2.2372243,67 posts
2014-12-01,82,0.07317073170731707,0.0383,False,unknown,8.210134,1.3773017,82 posts
2014-12-08,64,0.0625,0.0315,False,away_from_risk,12.296264,2.4211738,Rising: craving (+11.7%)
2014-12-15,67,0.029850746268656716,0.0363,False,away_from_risk,7.333133,2.043312,Rising: procurement (+3.2%)
2014-12-22,55,0.0,0.0306,False,unknown,10.092788,2.0359473,55 posts
2014-12-29,71,0.028169014084507043,0.0338,False,unknown,10.303351,2.3279018,Rising: recovery (+15.3%)
2015-01-05,75,0.05333333333333334,0.0385,False,unknown,8.366533,1.8585907,75 posts
2015-01-12,56,0.0,0.0315,False,away_from_risk,10.15817,2.218881,56 posts
2015-01-19,81,0.037037037037037035,0.0392,False,unknown,10.441197,2.489393,Rising: harm_reduction (+7.3%)
2015-01-26,102,0.0196078431372549,0.0359,False,away_from_risk,7.2892737,4.608937,102 posts
2015-02-02,87,0.0,0.0261,False,unknown,7.0275497,2.3661358,87 posts
2015-02-09,81,0.0,0.0222,False,unknown,7.1643925,2.6105504,81 posts
2015-02-16,87,0.05747126436781609,0.0263,False,unknown,7.4791327,2.6956103,Rising: procurement (+6.7%)
2015-02-23,76,0.07894736842105263,0.037,False,away_from_risk,10.707602,2.5289602,Rising: relapse (+24.2%)
2015-03-02,95,0.07368421052631578,0.0291,False,away_from_risk,9.843737,1.786164,Rising: craving (+15.6%)
2015-03-09,112,0.0625,0.0223,False,away_from_risk,11.3172865,1.7755656,112 posts
2015-03-16,112,0.05357142857142857,0.0267,False,away_from_risk,13.14703,3.5166745,112 posts
2015-03-23,112,0.05357142857142857,0.0204,False,away_from_risk,10.664321,2.8761826,112 posts
2015-03-30,107,0.037383177570093455,0.0178,False,away_from_risk,11.554975,2.240055,Rising: withdrawal (+2.7%)
2015-04-06,144,0.027777777777777776,0.0196,False,away_from_risk,10.27052,1.8802273,144 posts
2015-04-13,110,0.07272727272727272,0.018,False,away_from_risk,11.715162,2.1715398,110 posts
2015-04-20,109,0.03669724770642202,0.0177,False,away_from_risk,10.853634,2.1356966,109 posts
2015-04-27,131,0.022900763358778626,0.017,False,away_from_risk,11.011052,1.548778,131 posts
2015-05-04,103,0.02912621359223301,0.0275,False,away_from_risk,10.8772545,3.0317442,Rising: hopelessness (+26.2%)
2015-05-11,102,0.058823529411764705,0.0329,False,toward_risk,13.695197,2.6703343,Rising: relapse (+3.9%)
2015-05-18,97,0.030927835051546393,0.0376,False,away_from_risk,11.523993,2.1266768,Rising: recovery (+10.7%)
2015-05-25,99,0.09090909090909091,0.0295,False,away_from_risk,10.296496,1.8221412,99 posts
2015-06-01,132,0.022727272727272728,0.023,False,away_from_risk,10.414446,1.9406706,Rising: overdose (+8.8%)
2015-06-08,87,0.0,0.021,False,toward_risk,10.837942,2.2473154,Rising: relapse (+7.9%)
2015-06-15,102,0.029411764705882353,0.0277,False,unknown,13.4072,3.2868705,Rising: harm_reduction (+6.3%)
2015-06-22,97,0.030927835051546393,0.0188,False,away_from_risk,13.71757,2.582649,Rising: procurement (+12.9%)
2015-06-29,106,0.04716981132075472,0.0263,False,away_from_risk,9.812995,3.5856717,106 posts
2015-07-06,119,0.04201680672268908,0.021,False,toward_risk,13.206341,3.0540655,119 posts
2015-07-13,123,0.024390243902439025,0.0166,False,away_from_risk,13.0657425,2.737579,Rising: withdrawal (+4.5%)
2015-07-20,137,0.051094890510948905,0.0186,False,away_from_risk,12.952386,3.5085323,137 posts
2015-07-27,131,0.061068702290076333,0.0206,False,away_from_risk,11.782058,2.3122907,Rising: harm_reduction (+7.1%)
2015-08-03,120,0.058333333333333334,0.0186,False,away_from_risk,12.28187,3.315176,120 posts
2015-08-10,104,0.028846153846153848,0.0223,False,away_from_risk,12.085734,2.272721,Rising: hopelessness (+8.1%)
2015-08-17,133,0.03759398496240601,0.0247,False,away_from_risk,11.052712,2.375583,Rising: hopelessness (+17.4%)
2015-08-24,136,0.029411764705882353,0.0205,False,away_from_risk,11.589567,3.4113991,136 posts
2015-08-31,129,0.05426356589147287,0.0154,False,away_from_risk,10.8410425,3.3825452,Rising: recovery (+14.6%)
2015-09-07,120,0.05,0.0169,False,away_from_risk,11.501656,2.2979193,Rising: relapse (+4.9%)
2015-09-14,103,0.06796116504854369,0.0279,False,away_from_risk,11.222881,2.6328259,103 posts
2015-09-21,127,0.10236220472440945,0.0271,False,away_from_risk,11.135441,3.2244086,Rising: harm_reduction (+7.6%)
2015-09-28,129,0.05426356589147287,0.0136,False,away_from_risk,11.05777,3.2250388,Rising: recovery (+9.0%)
2015-10-05,138,0.057971014492753624,0.0203,False,away_from_risk,11.702369,2.0775898,Rising: procurement (+4.9%)
2015-10-12,132,0.05303030303030303,0.0135,False,away_from_risk,11.620184,1.742779,132 posts
2015-10-19,120,0.075,0.0194,False,toward_risk,12.409301,2.4108155,Rising: relapse (+2.3%)
2015-10-26,122,0.03278688524590164,0.0201,False,away_from_risk,10.955879,1.5827546,Rising: withdrawal (+2.7%)
2015-11-02,118,0.05084745762711865,0.0155,False,away_from_risk,11.455686,2.4189196,Rising: withdrawal (+8.5%)
2015-11-09,160,0.01875,0.0155,False,away_from_risk,13.203925,2.3051383,Rising: hopelessness (+17.7%)
2015-11-16,111,0.0,0.0219,False,away_from_risk,10.474972,3.0398571,Rising: harm_reduction (+9.0%)
2015-11-23,87,0.034482758620689655,0.0199,False,unknown,11.010324,2.9538083,Rising: hopelessness (+22.9%)
2015-11-30,161,0.031055900621118012,0.0209,False,away_from_risk,10.425334,2.254287,161 posts
2015-12-07,165,0.048484848484848485,0.0136,False,away_from_risk,10.226048,1.8829768,Rising: withdrawal (+2.6%)
2015-12-14,113,0.10619469026548672,0.017,False,away_from_risk,12.003569,1.9950037,Rising: relapse (+9.0%)
2015-12-21,94,0.031914893617021274,0.0191,False,away_from_risk,13.237114,2.5163229,94 posts
2015-12-28,122,0.02459016393442623,0.0151,False,away_from_risk,10.957591,2.3394995,Rising: craving (+4.7%)
2016-01-04,162,0.06790123456790123,0.0148,False,away_from_risk,10.626575,2.6364305,Rising: hopelessness (+16.3%)
2016-01-11,178,0.06179775280898876,0.0126,False,away_from_risk,13.125167,3.163344,178 posts
2016-01-18,175,0.05142857142857143,0.0144,False,away_from_risk,12.1963415,3.2747867,Rising: relapse (+5.4%)
2016-01-25,145,0.05517241379310345,0.0162,False,away_from_risk,13.627388,2.5465086,Rising: relapse (+6.1%)
2016-02-01,174,0.040229885057471264,0.0104,False,away_from_risk,13.470986,2.478501,Rising: withdrawal (+4.4%)
2016-02-08,129,0.007751937984496124,0.0102,False,toward_risk,13.2024,2.421317,129 posts
2016-02-15,166,0.04819277108433735,0.0141,False,unknown,12.395747,2.4142702,166 posts
2016-02-22,148,0.05405405405405406,0.0144,False,toward_risk,13.286885,2.0203357,Rising: recovery (+5.7%)
2016-02-29,158,0.056962025316455694,0.0137,False,away_from_risk,11.772314,1.864252,Rising: procurement (+7.1%)
2016-03-07,112,0.09821428571428571,0.0203,False,away_from_risk,12.742544,3.3089032,Rising: harm_reduction (+5.1%)
2016-03-14,102,0.029411764705882353,0.0199,False,away_from_risk,12.287975,3.5199833,102 posts
2016-03-21,142,0.035211267605633804,0.0147,False,away_from_risk,10.9177685,3.5069866,142 posts
2016-03-28,133,0.06766917293233082,0.0169,False,away_from_risk,11.259662,3.2497199,Rising: overdose (+9.6%)
2016-04-04,131,0.03816793893129771,0.0188,False,away_from_risk,11.595166,1.6941001,Rising: hopelessness (+16.5%)
2016-04-11,129,0.046511627906976744,0.0145,False,toward_risk,11.074759,2.5945141,Rising: withdrawal (+5.8%)
2016-04-18,165,0.08484848484848485,0.0102,False,away_from_risk,11.376164,2.9290042,165 posts
2016-04-25,112,0.07142857142857142,0.0118,False,toward_risk,11.459743,2.9656186,112 posts
2016-05-02,106,0.0660377358490566,0.014,False,away_from_risk,12.339775,3.3523118,Rising: procurement (+2.7%)
2016-05-09,118,0.03389830508474576,0.0197,False,away_from_risk,11.259255,3.4620407,118 posts
2016-05-16,99,0.04040404040404041,0.0203,False,away_from_risk,11.414109,2.7376974,99 posts
2016-05-23,112,0.008928571428571428,0.022,False,away_from_risk,11.3431635,1.8675793,Rising: procurement (+2.6%)
2016-05-30,100,0.0,0.0236,False,unknown,11.341653,4.453443,Rising: procurement (+13.5%)
2016-06-06,111,0.06306306306306306,0.0203,False,unknown,11.15655,4.3709993,111 posts
2016-06-13,129,0.046511627906976744,0.0292,False,away_from_risk,13.7673435,3.4254937,Rising: harm_reduction (+9.4%)
2016-06-20,132,0.045454545454545456,0.0205,False,away_from_risk,12.955934,4.0133257,Rising: recovery (+7.3%)
2016-06-27,111,0.05405405405405406,0.0213,False,away_from_risk,12.323679,3.1972654,111 posts
2016-07-04,139,0.007194244604316547,0.0196,False,away_from_risk,12.813379,2.8921518,139 posts
2016-07-11,154,0.012987012987012988,0.0126,False,unknown,12.853249,3.535266,154 posts
2016-07-18,141,0.06382978723404255,0.0133,False,unknown,13.406942,3.1425328,Rising: craving (+5.9%)
2016-07-25,182,0.08791208791208792,0.0147,False,away_from_risk,13.768268,2.4398882,Rising: procurement (+5.3%)
2016-08-01,118,0.059322033898305086,0.0128,False,away_from_risk,13.568225,2.413677,Rising: craving (+9.3%)
2016-08-08,140,0.02142857142857143,0.0224,False,away_from_risk,11.656564,3.1685052,140 posts
2016-08-15,135,0.007407407407407408,0.0187,False,away_from_risk,12.5239,2.122307,Rising: hopelessness (+5.0%)
2016-08-22,128,0.0390625,0.0133,False,unknown,13.548007,2.7924438,Rising: harm_reduction (+4.0%)
2016-08-29,153,0.05228758169934641,0.014,False,away_from_risk,12.910578,3.3953934,Rising: recovery (+5.4%)
2016-09-05,141,0.04964539007092199,0.0114,False,away_from_risk,12.594882,3.349412,Rising: withdrawal (+5.6%)
2016-09-12,124,0.056451612903225805,0.0149,False,away_from_risk,12.3067045,3.9339461,Rising: recovery (+8.9%)
2016-09-19,137,0.08029197080291971,0.0182,False,away_from_risk,12.558618,2.6535199,Rising: relapse (+9.4%)
2016-09-26,119,0.058823529411764705,0.0173,False,away_from_risk,11.939832,4.183732,119 posts
2016-10-03,117,0.042735042735042736,0.017,False,away_from_risk,13.258443,3.6733994,Rising: harm_reduction (+8.7%)
2016-10-10,139,0.02158273381294964,0.0194,False,away_from_risk,13.368994,2.766979,139 posts
2016-10-17,112,0.044642857142857144,0.0182,False,toward_risk,13.276716,3.0779498,Rising: craving (+6.5%)
2016-10-24,129,0.05426356589147287,0.0187,False,away_from_risk,13.240296,3.15412,129 posts
2016-10-31,153,0.058823529411764705,0.0136,False,away_from_risk,13.371016,3.292797,Rising: withdrawal (+4.0%)
2016-11-07,134,0.05970149253731343,0.0176,False,away_from_risk,12.982693,2.9545894,134 posts
2016-11-14,116,0.05172413793103448,0.0237,False,away_from_risk,13.515846,2.462586,Rising: craving (+8.0%)
2016-11-21,114,0.05263157894736842,0.0308,False,toward_risk,12.785184,3.490348,114 posts
2016-11-28,121,0.09917355371900827,0.0227,False,away_from_risk,13.231891,1.9488615,Rising: recovery (+14.4%)
2016-12-05,122,0.04918032786885246,0.0145,False,away_from_risk,12.561437,3.9981713,122 posts
2016-12-12,148,0.033783783783783786,0.0197,False,away_from_risk,9.920514,2.8995333,148 posts
2016-12-19,99,0.0707070707070707,0.0262,False,toward_risk,12.493633,3.4144368,99 posts
2016-12-26,134,0.05970149253731343,0.0244,False,away_from_risk,10.433019,3.2461042,134 posts
2017-01-02,169,0.05917159763313609,0.0249,False,away_from_risk,13.718949,2.9492686,Rising: withdrawal (+6.1%)
2017-01-09,164,0.054878048780487805,0.0171,False,away_from_risk,11.634114,4.0031505,164 posts
2017-01-16,180,0.05555555555555555,0.019,False,toward_risk,13.342604,2.7308934,180 posts
2017-01-23,120,0.058333333333333334,0.0208,False,away_from_risk,11.822375,3.0794592,120 posts
2017-01-30,164,0.07317073170731707,0.0193,False,toward_risk,13.1135,3.6004229,Rising: harm_reduction (+4.2%)
2017-02-06,130,0.05384615384615385,0.0169,False,away_from_risk,13.808913,2.4955835,Rising: craving (+3.8%)
2017-02-13,118,0.0847457627118644,0.0266,False,away_from_risk,11.989245,2.7847977,Rising: overdose (+5.1%)
2017-02-20,135,0.022222222222222223,0.0167,False,away_from_risk,13.457925,2.114236,Rising: craving (+10.1%)
2017-02-27,142,0.04929577464788732,0.0181,False,away_from_risk,12.992855,3.048207,Rising: recovery (+15.8%)
2017-03-06,124,0.04838709677419355,0.0208,False,away_from_risk,12.657189,3.7659476,Rising: procurement (+6.8%)
2017-03-13,109,0.05504587155963303,0.023,False,away_from_risk,13.38958,2.2528083,Rising: withdrawal (+6.5%)
2017-03-20,139,0.06474820143884892,0.014,False,away_from_risk,13.539105,2.2275996,139 posts
2017-03-27,127,0.047244094488188976,0.0185,False,away_from_risk,11.105838,3.179672,Rising: hopelessness (+13.8%)
2017-04-03,136,0.029411764705882353,0.0181,False,away_from_risk,12.84573,2.9759097,Rising: harm_reduction (+12.5%)
2017-04-10,131,0.061068702290076333,0.0178,False,away_from_risk,13.330184,3.6115088,131 posts
2017-04-17,136,0.03676470588235294,0.0139,False,away_from_risk,13.168029,2.7787538,Rising: relapse (+3.2%)
2017-04-24,136,0.051470588235294115,0.0156,False,away_from_risk,13.698462,2.2993228,Rising: hopelessness (+15.3%)
2017-05-01,142,0.035211267605633804,0.0194,False,away_from_risk,12.881539,4.073033,Rising: procurement (+8.6%)
2017-05-08,138,0.050724637681159424,0.0212,False,away_from_risk,11.421605,3.33526,138 posts
2017-05-15,133,0.05263157894736842,0.0154,False,away_from_risk,13.549344,2.929574,133 posts
2017-05-22,102,0.00980392156862745,0.0197,False,away_from_risk,13.254597,3.220688,Rising: overdose (+2.7%)
2017-05-29,87,0.08045977011494253,0.0255,False,unknown,11.971966,2.2983954,Rising: craving (+13.4%)
2017-06-05,132,0.030303030303030304,0.0205,False,away_from_risk,11.961742,1.9111298,Rising: overdose (+10.4%)
2017-06-12,108,0.07407407407407407,0.0211,False,away_from_risk,12.889611,4.120249,Rising: withdrawal (+8.6%)
2017-06-19,99,0.12121212121212122,0.0183,False,away_from_risk,13.709713,2.5880976,Rising: harm_reduction (+5.5%)
2017-06-26,98,0.02040816326530612,0.02,False,away_from_risk,11.909145,1.7408764,98 posts
2017-07-03,106,0.09433962264150944,0.0207,False,unknown,13.820779,2.4573562,106 posts
2017-07-10,84,0.05952380952380952,0.0261,False,away_from_risk,11.803785,1.9365994,84 posts
2017-07-17,84,0.047619047619047616,0.0279,False,toward_risk,13.423352,2.518611,Rising: recovery (+10.3%)
2017-07-24,107,0.037383177570093455,0.0259,False,away_from_risk,11.617981,2.422782,Rising: hopelessness (+10.7%)
2017-07-31,102,0.049019607843137254,0.0177,False,toward_risk,12.452307,3.4188075,Rising: procurement (+6.1%)
2017-08-07,80,0.05,0.0265,False,away_from_risk,10.548094,3.1302557,80 posts
2017-08-14,106,0.018867924528301886,0.0326,False,away_from_risk,12.955876,3.8607793,106 posts
2017-08-21,81,0.08641975308641975,0.0224,False,unknown,11.96122,3.3118138,Rising: relapse (+5.5%)
2017-08-28,95,0.042105263157894736,0.0174,False,away_from_risk,13.152749,2.8994763,Rising: withdrawal (+6.4%)
2017-09-04,78,0.038461538461538464,0.0231,False,away_from_risk,13.185779,3.42249,Rising: hopelessness (+9.6%)
2017-09-11,96,0.03125,0.0213,False,away_from_risk,11.43422,3.3350644,96 posts
2017-09-18,71,0.09859154929577464,0.0218,False,away_from_risk,13.6392975,2.3115907,Rising: relapse (+8.1%)
2017-09-25,82,0.012195121951219513,0.0332,False,away_from_risk,12.882426,3.6279798,82 posts
2017-10-02,95,0.021052631578947368,0.0278,False,unknown,11.53269,1.5696969,Rising: craving (+6.0%)
2017-10-09,104,0.0673076923076923,0.0287,False,unknown,13.639165,2.8915567,104 posts
2017-10-16,79,0.06329113924050633,0.0235,False,away_from_risk,13.395962,3.3783941,Rising: procurement (+11.6%)
2017-10-23,55,0.09090909090909091,0.0486,False,toward_risk,10.360649,3.1864753,Rising: hopelessness (+27.8%)
2017-10-30,85,0.07058823529411765,0.0331,False,away_from_risk,11.511302,3.3298554,Rising: overdose (+8.2%)
2017-11-06,79,0.08860759493670886,0.0263,False,away_from_risk,13.024929,2.5921135,Rising: relapse (+8.3%)
2017-11-13,109,0.05504587155963303,0.0241,False,away_from_risk,13.321998,3.586616,Rising: harm_reduction (+10.5%)
2017-11-20,58,0.05172413793103448,0.0358,False,away_from_risk,11.360487,2.9708717,58 posts
2017-11-27,75,0.05333333333333334,0.0329,False,away_from_risk,10.938411,3.4588873,75 posts
2017-12-04,65,0.03076923076923077,0.0318,False,away_from_risk,13.732916,2.8859258,Rising: relapse (+7.3%)
